kouhaku_name,rank,spotify_id,spotify_name,followers,popularity,similarity,score
山内惠介,1,5O6t6gb6MeNqzOBAq1oLad,globe,412973,55,0.0,35.06823567969324
山内惠介,2,6e9Wgn2800cCQcM0b4cNwt,Ulfuls,387093,50,0.0,33.94777993352076
山内惠介,3,6VuxycWaTHHrz5ZP5sNSsd,Yamazaru,265307,48,0.0,32.84463732337913
山内惠介,4,37yA8FvkJWnXZXbRg4IQaT,Hiroji Miyamoto,137139,53,0.0,32.616404192805305
山内惠介,5,0O81pFG94dHYwqkVvBqTWb,真田ナオキ,6339,28,0.0,31.89437465045133
日向坂46,1,0Ti7MfCiVVQAK8zLSiqlto,櫻坂46,215797,59,0.6666666666666666,71.32686125029616
日向坂46,2,6O9ZTocnZDT41j4YrOalhz,けやき坂46,138780,33,0.5454545454545454,60.45672560312866
日向坂46,3,08lN7bm4Etec8ETFxaTUmq,Nogizaka46,1306533,62,0.26666666666666666,49.278611167275706
日向坂46,4,03E7w8NrBr4lNCK33TQyil,Keyakizaka46,627303,49,0.23529411764705882,44.05809626803648
日向坂46,5,01wau5CL3Z1vfJJWkzBkqg,AKB48,523291,56,0.2,43.70889970903321
GENERATIONS,1,0Sadg1vgvaPqGTOjxu0N6c,Girls' Generation,2850041,64,0.7692307692307693,71.23287837369683
GENERATIONS,2,1w76rpst0I6hGUgCR2B33C,Generación 12,1248081,62,0.6956521739130435,66.35284169286723
GENERATIONS,3,0MK8l3nURwwQIjafvXoJJt,ASIAN KUNG-FU GENERATION,1156355,61,0.625,63.18467649681644
GENERATIONS,4,4HfuyMMy295oBvbIuXr0v8,GENERATIONS from EXILE TRIBE,693617,52,0.6111111111111112,59.877814710774324
GENERATIONS,5,1S2S00lgLYLGHWA44qGEUs,Gen Hoshino,2258860,66,0.47619047619047616,59.47857325467179
純烈,1,2xfxRiKxoHl5tI0MKyvqV7,&TEAM,762212,68,0.0,38.80889620801809
純烈,2,79bm9tVjukpvmQetF8Um5o,純烈（友井雄亮）,111,0,0.5,38.76566990908567
純烈,3,0F0LmqSLqjDgFWT0Q9XYNh,純烈（小田井涼平）,136,0,0.4444444444444444,36.92151595650728
純烈,4,6wdBu0Y5Xolr3GT4SeccIg,純烈&ダチョウ俱楽部,144,5,0.36363636363636365,34.795579511577046
純烈,5,1w61Z4Tm20rD2lYIxw0f8K,三山ひろし,15781,31,0.0,34.1920050849929
坂本冬美,1,3Mvc8kRgr8LRYYgvFmlZqn,Ayumi Hamasaki,1090042,62,0.0,38.274756708147216
坂本冬美,2,1LQQtqc1vQ1neUgZrjYlEU,Yumi Matsutoya,1216390,59,0.0,37.87888360484797
坂本冬美,3,3vVDusnDA0LcPH3NvZpoyM,Noriyuki Makihara,1036871,59,0.0,37.58167740557528
坂本冬美,4,6YIqgghQqnkNne8BKQpW6v,Keisuke Kuwata,927201,57,0.0,36.973602391494936
坂本冬美,5,3ienC90A5I1X3irDyQoqWZ,Teresa Teng,642225,57,0.0,36.29008803177207
乃木坂46,1,0Ti7MfCiVVQAK8zLSiqlto,櫻坂46,215797,59,0.6666666666666666,71.32686125029616
乃木坂46,2,1To19SbBXcjHMKOt1CELkh,乃木坂46,286,10,1.0,62.52728299912447
乃木坂46,3,2rUfBClgdqQ4Svcg0A6gIl,乃紫,131398,58,0.2857142857142857,54.96538037817444
乃木坂46,4,08lN7bm4Etec8ETFxaTUmq,Nogizaka46,1306533,62,0.26666666666666666,49.278611167275706
乃木坂46,5,03E7w8NrBr4lNCK33TQyil,Keyakizaka46,627303,49,0.23529411764705882,44.05809626803648
鈴木雅之,1,4vlCoOuaIiPgMmvugr6Dw7,鈴木雅史,282,11,0.75,52.701067607082976
鈴木雅之,2,1LQQtqc1vQ1neUgZrjYlEU,Yumi Matsutoya,1216390,59,0.0,37.87888360484797
鈴木雅之,3,3vVDusnDA0LcPH3NvZpoyM,Noriyuki Makihara,1036871,59,0.0,37.58167740557528
鈴木雅之,4,5KLvrcsAUwqMOqxErwSJmD,Koji Tamaki,403514,56,0.0,35.2251083168052
鈴木雅之,5,7HRu4Npbza5TBWn74TkAOF,Masayuki Suzuki,316361,52,0.0,33.97221259851111
五木ひろし,1,0rzpWNBSV7jYj26u2XhxEC,五木ひろし,20,0,1.0,55.57584283855992
五木ひろし,2,37uug7RFxqKPDMUEzd6Ym1,木の実ナナ/五木ひろし,13,0,0.6666666666666666,41.44070960512454
五木ひろし,3,0jMZY406RfgjK6PFKIRfAv,Kohmi Hirose,236712,49,0.0,32.83237260643666
五木ひろし,4,1QXFMGfCga8qSyUtVmjXrE,Hiroko Yakushimaru,154637,49,0.0,32.03991463858896
五木ひろし,5,0MYnDCY3ae0nSzoCmQiKzh,Hiromi Go,56603,48,0.0,29.96931192737312
瑛人,1,6yyHILrojOyOKNvly7Yu0j,柊人,34618,51,0.5,59.654151315384894
瑛人,2,5iUcWpImiyRXhdNVOQZIVI,東雲彰人,5126,33,0.3333333333333333,45.83238448411144
瑛人,3,0ixzjrK1wkN2zWBXt3VW3W,Yuuri,3190492,68,0.0,41.4736756856627
瑛人,4,61gixLds98qjyokvnkNzkc,詠人不知,220,6,0.3333333333333333,34.572287679714215
瑛人,5,0ayU6CR43tInomJqB9JfRw,Yo-Sea,117846,56,0.0,32.93420648296558
郷ひろみ,1,0M1B7N73s7PrVKxRg47eFH,郷ひろみ,22,0,1.0,55.7532400606666
郷ひろみ,2,0llYwFIMgF9Jzmp4ZY7wbr,KOBUKURO,1530646,59,0.0,38.306606118136656
郷ひろみ,3,3vVDusnDA0LcPH3NvZpoyM,Noriyuki Makihara,1036871,59,0.0,37.58167740557528
郷ひろみ,4,37yA8FvkJWnXZXbRg4IQaT,Hiroji Miyamoto,137139,53,0.0,32.616404192805305
郷ひろみ,5,4ODvJoXQmuckB89qwmCzTd,Kenji Sawada,120864,45,0.0,30.781272699203274
Official髭男dism,1,5Vo1hnCRmCM6M4thZCInCj,OFFICIAL HIGE DANDISM,7428275,71,0.7272727272727273,72.7375718334287
Official髭男dism,2,4vCbWKBkixqmN1koKIN8sG,山根万理奈 & Official髭男dism,610,23,0.8484848484848485,60.476521803725795
Official髭男dism,3,5V0oa9WaeYkBszHV6ItVD6,なにわ男子,228853,58,0.10526315789473684,48.780054643943124
Official髭男dism,4,6MGHit7sV38BhpChZYByFv,SHISHAMO,696930,59,0.2727272727272727,47.75133016422866
Official髭男dism,5,71UIOLnsacxQHlU55TvfiH,Da-iCE,829872,62,0.21052631578947367,46.18824311019297
関ジャニ∞,1,1XYuC1vxinTjHCNd5clB8C,ARASHI,2825751,66,0.0,40.84771667127701
関ジャニ∞,2,4DDoAL8n6ob19r3jOZEbJI,Kana Nishino,2027423,63,0.0,39.629761581509
関ジャニ∞,3,7fmXV2O48buswss04YetaN,HANA,504894,70,0.0,38.442286613036046
関ジャニ∞,4,6zGmypGQUBXD4ZC9EbfMme,EXILE,1100537,61,0.0,38.092591348974324
関ジャニ∞,5,64BB3FFJokfd3owfpnwxb0,Hey! Say! JUMP,227773,57,0.0,34.36072389398279
東京事変,1,2XjqKvB2Xz9IdyjWPIHaXi,Sheena Ringo,2128926,66,0.0,40.32068813967388
東京事変,2,7i9bNUSGORP5MIgrii3cJc,B'z,1245875,67,0.0,39.52346201972428
東京事変,3,0llYwFIMgF9Jzmp4ZY7wbr,KOBUKURO,1530646,59,0.0,38.306606118136656
東京事変,4,6KQWWzFLPQbqomJrieHAW5,Tokyo Incidents,921250,54,0.0,36.36161786085903
東京事変,5,3jdzcmtw5XOmOkSb2mRDtr,T.M.Revolution,420872,53,0.0,34.70350014456122
ゆず,1,5kjGRHClVacSyllOUqU1S0,SPITZ,2771586,66,0.0,40.81169296685487
ゆず,2,7nzSoJISlVJsn7O0yTeMOB,Joe Hisaishi,1501212,70,0.0,40.470465831310406
ゆず,3,14T8NkbwXVZgbOvwnuGV89,GReeeeN,2535327,62,0.0,39.845859920606394
ゆず,4,0llYwFIMgF9Jzmp4ZY7wbr,KOBUKURO,1530646,59,0.0,38.306606118136656
ゆず,5,7lNFzeAXmSIKexINNgO6bu,YUZU,2007913,56,0.0,38.21176382080666
あいみょん,1,4fdamIsxmL3l9CjRvAlEXo,あいみょん,742,3,1.0,62.9017310226244
あいみょん,2,6rs1KAoQnFalSqSU4LTh8g,back number,5968787,77,0.0,44.43951177610217
あいみょん,3,5kVZa4lFUmAQlBogl1fkd6,Aimyon,6038432,70,0.0,43.06110362851283
あいみょん,4,4DDoAL8n6ob19r3jOZEbJI,Kana Nishino,2027423,63,0.0,39.629761581509
あいみょん,5,4WqXqPmUuenMIr4QaFrZXN,Saucy Dog,1354587,66,0.0,39.479172442958756
石川さゆり,1,6YIqgghQqnkNne8BKQpW6v,Keisuke Kuwata,927201,57,0.0,36.973602391494936
石川さゆり,2,7sl3PZyhzAqUpL3M6WVD8G,Kazuyoshi Saito,596864,54,0.0,35.553751650438684
石川さゆり,3,6r4KqrquvtAy0fcJUU2VGB,Eikichi Yazawa,232802,57,0.0,34.40137160148889
石川さゆり,4,2ukAOZg4TYhvIJyHGD6axu,石川さゆり :デュエット すぎもとまさと,25,0,0.45454545454545453,34.17298964755548
石川さゆり,5,55j8oSKnH8ni3P2FaNUwjP,Fuyumi Sakamoto,117797,44,0.0,30.533432415053408
星野源,1,0gIbpvrqmPtHQ8zyQpBDFt,星乃一歌,9008,38,0.2857142857142857,45.976978760745446
星野源,2,6bDWAcdtVR3WHz2xtiIPUi,Fujii Kaze,4644440,75,0.0,43.57257152889731
星野源,3,2rUfBClgdqQ4Svcg0A6gIl,乃紫,131398,58,0.0,43.53680894960301
星野源,4,4gwWRJBdufvMEHUuyjBDOs,大森元貴,176527,49,0.0,42.28633345982537
星野源,5,6GVsZoMbMt0jmqwcvz1a1F,汐れいら,44078,58,0.0,41.50380805956595
氷川きよし,1,1w61Z4Tm20rD2lYIxw0f8K,三山ひろし,15781,31,0.2,42.1920050849929
氷川きよし,2,6YIqgghQqnkNne8BKQpW6v,Keisuke Kuwata,927201,57,0.0,36.973602391494936
氷川きよし,3,5KLvrcsAUwqMOqxErwSJmD,Koji Tamaki,403514,56,0.0,35.2251083168052
氷川きよし,4,2FTUpyPZ3hqBPLwmaEH14B,Hideaki Tokunaga,408615,52,0.0,34.44848987971447
氷川きよし,5,47CIQFAst7iOrRZ16XOfP8,Kyoko Koizumi,115008,49,0.0,31.488834504683687
松田聖子,1,6G9h9p39TzvYDbzhxlrrog,松田里奈,190,33,0.5,46.366086861226414
松田聖子,2,2XjqKvB2Xz9IdyjWPIHaXi,Sheena Ringo,2128926,66,0.0,40.32068813967388
松田聖子,3,1LQQtqc1vQ1neUgZrjYlEU,Yumi Matsutoya,1216390,59,0.0,37.87888360484797
松田聖子,4,3E5NLQpQbd0eJ18XO9zC0h,Seiko Matsuda,490432,56,0.0,35.58819485517389
松田聖子,5,7140bcJ0ZySe314nUfOo1J,Akina Nakamori,573496,54,0.0,35.479415970624714
福山雅治,1,2mKmUsw9sXLrBFo6Yx6BcI,福山雅治,28,0,1.0,56.20210584860951
福山雅治,2,01O1K2of8wkNZJhWRlRFcT,舟津真翔,79726,51,0.0,41.20685703694564
福山雅治,3,5FGlhIQqewJRV8fx24toG0,Masaharu Fukuyama,1092151,55,0.0,36.8783543761059
福山雅治,4,6ecCVdF55fHdbVlAu1lJXU,FUNKY MONKEY BABYS,988464,53,0.0,36.292689386588634
福山雅治,5,2QgdUzpKFNxey5IuwvsGBL,Fujifabric,396263,50,0.0,33.99135795631055
上白石萌音,1,1iOlGJ3KYyhz2BMHDp5hPy,上白石萌歌,6137,25,0.8,63.23409767121685
上白石萌音,2,22RdCkknMnMCTC2WGilnGf,小春(上白石萌音),439,1,0.8333333333333334,54.85818127722814
上白石萌音,3,2GR0oaCTOgws9PfuheMw0k,白上フブキ,121651,43,0.2,48.39335292836384
上白石萌音,4,5YPkOSqagMwjOWf7PLjHNF,上野大樹,91639,40,0.2222222222222222,48.154947494695435
上白石萌音,5,1EowJ1WwkMzkCkRomFhui7,RADWIMPS,4855764,75,0.0,43.65538958993817
まふまふ,1,7liZanlb4L6Zamx8IVjcef,nqrse x まふまふ,5492,21,0.5714285714285714,53.0845594081345
まふまふ,2,06R4ZXJ8idknGfdQJJa3sp,まふまふバンド×luz,664,1,0.5714285714285714,45.152148911577214
まふまふ,3,1t17z3vfuc82cxSDMrvryJ,Macaroni Empitsu,1768121,68,0.0,40.37505135272593
まふまふ,4,7fmXV2O48buswss04YetaN,HANA,504894,70,0.0,38.442286613036046
まふまふ,5,6t6aXZlmnAF1VuiG8BVjQZ,Mafumafu,665937,50,0.0,34.95757062278571
平井大,1,2rowJeEgetD5UWWFCV03JM,平井大,311,0,1.0,60.68325881011502
平井大,2,7JthQ6zwNzfxRfIEjp6wUs,HIRAIDAI,1839097,65,0.0,39.84830558266745
平井大,3,2ZjWbNQAjL74Pf4aqikIz2,Shota Shimizu,1737725,65,0.0,39.74277592511822
平井大,4,6jIhEiXcCAyBsuEI7qZ9vc,Ken Hirai,1046513,56,0.0,36.99890554687302
平井大,5,2FTUpyPZ3hqBPLwmaEH14B,Hideaki Tokunaga,408615,52,0.0,34.44848987971447
宮本浩次,1,1WHl0zNoKR5M2NPZPbwcFA,宮本浩次,656,1,1.0,62.27244502589569
宮本浩次,2,1EowJ1WwkMzkCkRomFhui7,RADWIMPS,4855764,75,0.0,43.65538958993817
宮本浩次,3,27uDA7mGoHPHFvlBiZ4J9Z,中山美穂,80899,49,0.0,40.83404208553417
宮本浩次,4,3vVDusnDA0LcPH3NvZpoyM,Noriyuki Makihara,1036871,59,0.0,37.58167740557528
宮本浩次,5,0d4XqzcMpgP6eQZ6TIW2pI,My Hair is Bad,399520,61,0.0,36.2065936786026
藤井風,1,6bDWAcdtVR3WHz2xtiIPUi,Fujii Kaze,4644440,75,0.0,43.57257152889731
藤井風,2,6L7jieQ3QgDPkfFDk41GCw,藤田ことね,2642,41,0.25,42.86542634262218
藤井風,3,2IUl3m1H1EQ7QfNbNWvgru,Vaundy,3600031,73,0.0,42.698455316468106
藤井風,4,5FGlhIQqewJRV8fx24toG0,Masaharu Fukuyama,1092151,55,0.0,36.8783543761059
藤井風,5,6ecCVdF55fHdbVlAu1lJXU,FUNKY MONKEY BABYS,988464,53,0.0,36.292689386588634
薬師丸ひろ子,1,1LQQtqc1vQ1neUgZrjYlEU,Yumi Matsutoya,1216390,59,0.0,37.87888360484797
薬師丸ひろ子,2,3E5NLQpQbd0eJ18XO9zC0h,Seiko Matsuda,490432,56,0.0,35.58819485517389
薬師丸ひろ子,3,0jMZY406RfgjK6PFKIRfAv,Kohmi Hirose,236712,49,0.0,32.83237260643666
薬師丸ひろ子,4,37yA8FvkJWnXZXbRg4IQaT,Hiroji Miyamoto,137139,53,0.0,32.616404192805305
薬師丸ひろ子,5,1QXFMGfCga8qSyUtVmjXrE,Hiroko Yakushimaru,154637,49,0.0,32.03991463858896
布袋寅泰,1,7i9bNUSGORP5MIgrii3cJc,B'z,1245875,67,0.0,39.52346201972428
布袋寅泰,2,0pr3ep0knQaPHEZ2X8niA0,BOØWY,604890,56,0.0,35.97861316360045
布袋寅泰,3,4Wet9Sqa5LrEjBeV4k6edh,AK-69,447388,57,0.0,35.617218561924986
布袋寅泰,4,1Fe6FA7A57suR2KAaERpqH,¥ellow Bucks,314763,60,0.0,35.5627871824711
布袋寅泰,5,73kxDUq2Hl7Upy4o0yFxXv,INI,190553,62,0.0,35.02863910232682
緑黄色社会,1,0XGVrQtpAZA0GP9jjI8GQf,緑仙,30599,27,0.2857142857142857,46.05303100122661
緑黄色社会,2,64tJ2EAv1R6UaZqc4iOCyj,YOASOBI,9604473,74,0.0,44.72488659998796
緑黄色社会,3,5V0oa9WaeYkBszHV6ItVD6,なにわ男子,228853,58,0.0,44.56952832815365
緑黄色社会,4,4SJ7qRgJYNXB9Yttzs4aSa,Ryokuoushoku Shakai,1437284,63,0.0,38.98946824710796
緑黄色社会,5,1qM11R4ylJyQiPJ0DffE9z,Lilas,888436,66,0.0,38.69411206339555
三浦大知,1,0ADlhQpMiHRrXrY7HLCswf,三浦大知,124,0,1.0,58.971807222123864
三浦大知,2,3w6COh5nodshWjNOC2ZWqY,三浦春馬,87684,29,0.5,56.983944371683606
三浦大知,3,01O1K2of8wkNZJhWRlRFcT,舟津真翔,79726,51,0.0,41.20685703694564
三浦大知,4,7JthQ6zwNzfxRfIEjp6wUs,HIRAIDAI,1839097,65,0.0,39.84830558266745
三浦大知,5,71UIOLnsacxQHlU55TvfiH,Da-iCE,829872,62,0.0,37.767190478614026
ウタ,1,5AqXDahKnnkwVLu1eQzAzb,ウタ,6,0,1.0,53.33493393021561
ウタ,2,40rWJjdPotR9uBaZGl9xNk,うたスタ,3847,42,0.3333333333333333,47.098142703219686
ウタ,3,1Hy1I0po5kR7rC9auxJbwL,ウタ・アリィ,511,12,0.5714285714285714,46.864661000577335
ウタ,4,6mEQK9m2krja6X1cfsAjfl,Ado,6832592,76,0.0,44.49108066339353
ウタ,5,7lbSsjYACZHn1MSDXPxNF2,Hikaru Utada,4169280,73,0.0,42.97169026743627
幾田りら,1,6GVsZoMbMt0jmqwcvz1a1F,汐れいら,44078,58,0.25,51.50380805956595
幾田りら,2,64tJ2EAv1R6UaZqc4iOCyj,YOASOBI,9604473,74,0.0,44.72488659998796
幾田りら,3,7JthQ6zwNzfxRfIEjp6wUs,HIRAIDAI,1839097,65,0.0,39.84830558266745
幾田りら,4,4SJ7qRgJYNXB9Yttzs4aSa,Ryokuoushoku Shakai,1437284,63,0.0,38.98946824710796
幾田りら,5,1qM11R4ylJyQiPJ0DffE9z,Lilas,888436,66,0.0,38.69411206339555
ダチョウ倶楽部,1,1KHoNUVIwSfQkMshKSkXH4,ダチョウ倶楽部,29,1,1.0,56.46741999099553
ダチョウ倶楽部,2,6wdBu0Y5Xolr3GT4SeccIg,純烈&ダチョウ俱楽部,144,5,0.75,50.2501249661225
ダチョウ倶楽部,3,4FyAgiZa3q0eeljDvcOXFh,Ketsumeishi,1380136,57,0.0,37.7139509328355
ダチョウ倶楽部,4,0jJmZHZHNe8n24Y33z5Nil,DISH//,917214,59,0.0,37.353445750049765
ダチョウ倶楽部,5,5VLVogbPeBgFHXQPZQzBej,JUJU,1128783,54,0.0,36.73975911478925
有吉弘行,1,4WfFJpMGTSsIbmfuKuitxi,有吉弘行,376,18,1.0,64.63651933540427
有吉弘行,2,5KLvrcsAUwqMOqxErwSJmD,Koji Tamaki,403514,56,0.0,35.2251083168052
有吉弘行,3,4BQT8wAPy5SGtRnfstMzbA,Yosui Inoue,345901,50,0.0,33.738364932407656
有吉弘行,4,0jMZY406RfgjK6PFKIRfAv,Kohmi Hirose,236712,49,0.0,32.83237260643666
有吉弘行,5,37yA8FvkJWnXZXbRg4IQaT,Hiroji Miyamoto,137139,53,0.0,32.616404192805305
工藤静香,1,6CWgVslHayaBN215Y7NomS,工藤静香(ルビー),268,4,0.7272727272727273,50.297201065318184
工藤静香,2,27uDA7mGoHPHFvlBiZ4J9Z,中山美穂,80899,49,0.0,40.83404208553417
工藤静香,3,6YIqgghQqnkNne8BKQpW6v,Keisuke Kuwata,927201,57,0.0,36.973602391494936
工藤静香,4,7Mo0nFEU6E8fGI0P2u7MOl,Yutaka Ozaki,673706,54,0.0,35.77915892220014
工藤静香,5,3E5NLQpQbd0eJ18XO9zC0h,Seiko Matsuda,490432,56,0.0,35.58819485517389
篠原涼子,1,3vVDusnDA0LcPH3NvZpoyM,Noriyuki Makihara,1036871,59,0.0,37.58167740557528
篠原涼子,2,6YIqgghQqnkNne8BKQpW6v,Keisuke Kuwata,927201,57,0.0,36.973602391494936
篠原涼子,3,3E5NLQpQbd0eJ18XO9zC0h,Seiko Matsuda,490432,56,0.0,35.58819485517389
篠原涼子,4,4BmWSGKG6HiYvLuJvZ9afa,Namie Amuro,1568683,45,0.0,35.55229367175018
篠原涼子,5,5O6t6gb6MeNqzOBAq1oLad,globe,412973,55,0.0,35.06823567969324
新しい学校のリーダーズ,1,1mWiumgVzg1qWJKIU42Evx,あんさんぶるスターズ！！,15928,61,0.19047619047619047,47.82831010627342
新しい学校のリーダーズ,2,4C9binD0PqNg8nLD93FQpr,初星学園,76288,56,0.13333333333333333,47.45814574499664
新しい学校のリーダーズ,3,5V0oa9WaeYkBszHV6ItVD6,なにわ男子,228853,58,0.0,44.56952832815365
新しい学校のリーダーズ,4,1XYuC1vxinTjHCNd5clB8C,ARASHI,2825751,66,0.0,40.84771667127701
新しい学校のリーダーズ,5,3z8diLlUCkN1j9N9ZdnfBJ,NiziU,1194336,61,0.0,38.24482795624249
キタニタツヤ,1,58oPVy7oihAEXE0Ott6JOf,Eve,2646177,67,0.0,40.925509529963364
キタニタツヤ,2,6WmXWHmfBMhupyIs8MSqtu,natori,1335864,67,0.0,39.653266769733996
キタニタツヤ,3,7lNFzeAXmSIKexINNgO6bu,YUZU,2007913,56,0.0,38.21176382080666
キタニタツヤ,4,7mvhRvEAHiCTQHUnH7fgnv,Tatsuya Kitani,715285,65,0.0,38.090624790130505
キタニタツヤ,5,6ignRjbPmLvKdtMLj9a5Xs,Ichiko Aoba,991258,61,0.0,37.897943022870024
椎名林檎,1,7lbSsjYACZHn1MSDXPxNF2,Hikaru Utada,4169280,73,0.0,42.97169026743627
椎名林檎,2,1XYuC1vxinTjHCNd5clB8C,ARASHI,2825751,66,0.0,40.84771667127701
椎名林檎,3,2XjqKvB2Xz9IdyjWPIHaXi,Sheena Ringo,2128926,66,0.0,40.32068813967388
椎名林檎,4,2ZjWbNQAjL74Pf4aqikIz2,Shota Shimizu,1737725,65,0.0,39.74277592511822
椎名林檎,5,6TDMbiQCWeMClsMr9ORLRK,aiko,1119233,62,0.0,38.32394502836435
エレファントカシマシ,1,1XYuC1vxinTjHCNd5clB8C,ARASHI,2825751,66,0.0,40.84771667127701
エレファントカシマシ,2,5kjGRHClVacSyllOUqU1S0,SPITZ,2771586,66,0.0,40.81169296685487
エレファントカシマシ,3,14T8NkbwXVZgbOvwnuGV89,GReeeeN,2535327,62,0.0,39.845859920606394
エレファントカシマシ,4,4DDoAL8n6ob19r3jOZEbJI,Kana Nishino,2027423,63,0.0,39.629761581509
エレファントカシマシ,5,6TDMbiQCWeMClsMr9ORLRK,aiko,1119233,62,0.0,38.32394502836435
さだまさし,1,29a4pyR2YjFYPMtuYgXdh3,さだまさし,117,13,1.0,61.463653693197834
さだまさし,2,79nkC8XZ5ohEVU0Xlf5Ael,サザンオールスターズ,2446650,66,0.0,50.579593629044524
さだまさし,3,3ggYhM4gGteJ6XqIFwltLB,さだまさし & グレープ,520,0,0.7142857142857143,50.211442901291996
さだまさし,4,5LTFbNC48bHWWROZd7eKR8,加山雄三 with さだまさし,40,1,0.5555555555555556,39.28819361362777
さだまさし,5,6n4SsAp5VjvIBg3s9QCcPX,SUDA MASAKI,2208263,60,0.0,39.188789124854466
藤井フミヤ,1,6bDWAcdtVR3WHz2xtiIPUi,Fujii Kaze,4644440,75,0.0,43.57257152889731
藤井フミヤ,2,3uyDATzOGjbGCts7v2eszk,MISIA,2014877,58,0.0,38.618208025933406
藤井フミヤ,3,1LQQtqc1vQ1neUgZrjYlEU,Yumi Matsutoya,1216390,59,0.0,37.87888360484797
藤井フミヤ,4,5FGlhIQqewJRV8fx24toG0,Masaharu Fukuyama,1092151,55,0.0,36.8783543761059
藤井フミヤ,5,2QgdUzpKFNxey5IuwvsGBL,Fujifabric,396263,50,0.0,33.99135795631055
こっちのけんと,1,7ATdCxUFNWrhEyOtuftoaM,こっちのけんと,214,18,1.0,63.587487600067966
こっちのけんと,2,6mEQK9m2krja6X1cfsAjfl,Ado,6832592,76,0.0,44.49108066339353
こっちのけんと,3,0pWR7TsFhvSCnbmHDjWgrE,Creepy Nuts,2174601,71,0.0,41.36019821460625
こっちのけんと,4,5kjGRHClVacSyllOUqU1S0,SPITZ,2771586,66,0.0,40.81169296685487
こっちのけんと,5,6n4SsAp5VjvIBg3s9QCcPX,SUDA MASAKI,2208263,60,0.0,39.188789124854466
もも,1,09xFgYi2WMH18mnuipigzN,ももすももす,10800,29,0.5,53.08610180922978
もも,2,32vWCbZh0xZ4o9gkz4PsEU,Dolly Parton,2995743,73,0.0,42.3564480851281
もも,3,5RR0MLwcjc87wjSw2JYdwx,MOMOLAND,4212917,52,0.0,38.7910695844539
もも,4,2NA8TfKSIneO6LqfRlRmm5,おかあさんといっしょ,27460,48,0.0,38.6230022838603
もも,5,0IwZVmMMGE7nNXS7vN9SIo,MISAMO,1068085,56,0.0,37.03688206836947
南こうせつ,1,0Z1KTtwB0NL21ejwhldOCK,加山雄三 with 南こうせつ,7,0,0.5555555555555556,35.84407096514046
南こうせつ,2,5KLvrcsAUwqMOqxErwSJmD,Koji Tamaki,403514,56,0.0,35.2251083168052
南こうせつ,3,3EAqVJtaxnPcWYlHXkHcuC,Anzen Chitai,352350,55,0.0,34.77274689642837
南こうせつ,4,5hHNaYRpbcz1qo09jeVcg8,Tsuyoshi Nagabuchi,272139,52,0.0,33.69196050542385
南こうせつ,5,47qUQ1YSIuAvBgmBqSX5gR,Kaguyahime,55323,38,0.0,27.92673881097221
イルカ,1,5F14oggNO5Nvl08UsULzaT,イルカポリス 海豚刑警,39578,27,0.46153846153846156,53.56491207940028
イルカ,2,36cgvBn0aadzOijnjjwqMN,ILLIT,3998908,77,0.0,43.69403462606153
イルカ,3,4GViwrzVkJscbEqmnDg855,イルカの夢でさようなら,1139,9,0.42857142857142855,42.04224453176757
イルカ,4,1qM11R4ylJyQiPJ0DffE9z,Lilas,888436,66,0.0,38.69411206339555
イルカ,5,6le80R1opKnTlP4o3KvA2k,Uru,1154173,62,0.0,38.38116104490777
西野カナ,1,2rUfBClgdqQ4Svcg0A6gIl,乃紫,131398,58,0.0,43.53680894960301
西野カナ,2,4DDoAL8n6ob19r3jOZEbJI,Kana Nishino,2027423,63,0.0,39.629761581509
西野カナ,3,08lN7bm4Etec8ETFxaTUmq,Nogizaka46,1306533,62,0.0,38.61194450060904
西野カナ,4,7fmXV2O48buswss04YetaN,HANA,504894,70,0.0,38.442286613036046
西野カナ,5,3PWp9R5HvbQgxI5KBx5kVd,KANA-BOON,1067217,63,0.0,38.43536886268553
髙橋真梨子,1,4ws2inM1n8fx4JijwRqHzS,広橋真紀子,18471,53,0.6,62.88495889276205
髙橋真梨子,2,01O1K2of8wkNZJhWRlRFcT,舟津真翔,79726,51,0.2222222222222222,50.095745925834535
髙橋真梨子,3,3WwGRA2o4Ux1RRMYaYDh7N,Mariya Takeuchi,1054026,60,0.0,37.81221995953288
髙橋真梨子,4,3vVDusnDA0LcPH3NvZpoyM,Noriyuki Makihara,1036871,59,0.0,37.58167740557528
髙橋真梨子,5,3E5NLQpQbd0eJ18XO9zC0h,Seiko Matsuda,490432,56,0.0,35.58819485517389
