kouhaku_name,spotify_id,spotify_name,followers,popularity,similarity,score,match_type
King & Prince,1nzId6SLDDTUTRV7lNbgxp,King & Prince,326979,64,1.0,76.43365654840014,auto
Foorin,3h95Ve9m3Q07d8VG6V9hEU,Foorin,37683,32,1.0,66.01205201570238,auto
milet,45ft4DyTCEJfQwTBHXpdhM,milet,988318,61,1.0,77.89241445059464,auto
櫻坂46,0Ti7MfCiVVQAK8zLSiqlto,櫻坂46,215797,59,1.0,84.66019458362949,auto
Hey!Say!JUMP,64BB3FFJokfd3owfpnwxb0,Hey! Say! JUMP,227773,57,1.0,74.3607238939828,auto
Little Glee Monster,2N19kPGlqKY8GiyE4DkAtp,Little Glee Monster,818135,54,1.0,76.14067845260584,auto
SixTONES,7dhueqtbx2NVq1leXyqaNl,SixTONES,230684,60,1.0,74.98436060009908,auto
水森かおり,28XDtBDDNlqwaaRquCRmMN,水森かおり,8426,29,1.0,72.62409194910356,auto
Kis-My-Ft2,4kxoWjOpCVYKgPv9nea95k,Kis-My-Ft2,51130,49,1.0,69.98003911168516,auto
天童よしみ,43L3c5Gb7Io5WdzeziXUiV,天童よしみ,27271,32,1.0,75.41014741445662,auto
NiziU,3z8diLlUCkN1j9N9ZdnfBJ,NiziU,1194336,61,1.0,78.2448279562425,auto
Perfume,2XMxWKPKCxoLkSdpCViCnr,Perfume,919296,58,1.0,77.15766587330538,auto
BABYMETAL,630wzNP2OL7fl4Xl0GnMWq,BABYMETAL,2768875,69,1.0,81.40987150042392,auto
JUJU,5VLVogbPeBgFHXQPZQzBej,JUJU,1128783,54,1.0,76.73975911478925,auto
LiSA,5L1lO4eRHmJ7a0Q6csE5cT,LISA,13506734,76,1.0,85.2,auto
三山ひろし,1w61Z4Tm20rD2lYIxw0f8K,三山ひろし,15781,31,1.0,74.1920050849929,auto
YOASOBI,64tJ2EAv1R6UaZqc4iOCyj,YOASOBI,9604473,74,1.0,84.72488659998795,auto
Superfly,5M8AXrOifBT8elkLKbGPQZ,Superfly,1591989,60,1.0,78.57974312548355,auto
Mr.Children,1qma7XhwZotCAucL7NHVLY,Mr.Children,3786703,66,1.0,81.3925481873778,auto
MISIA,3uyDATzOGjbGCts7v2eszk,MISIA,2014877,58,1.0,78.6182080259334,auto
DISH//,0jJmZHZHNe8n24Y33z5Nil,DISH//,917214,59,1.0,77.35344575004977,auto
Awesome City Club,7jGn8qhLb48n7yMMNfAoHv,Awesome City Club,280981,49,1.0,73.15147265916406,auto
KAT-TUN,5HQAzIHOdemXR2DoevwhjT,KAT-TUN,148371,34,1.0,68.96292438763598,auto
Snow Man,0UuiWPm9FpWvRuWNrXO98N,Snow Man,463096,66,1.0,77.48144727050168,auto
AI,0aD7NQx7yauKlVDnqOxk6q,AI,908286,57,1.0,76.93523980076299,auto
BiSH,0ebinq3ZTOQAJNag4sBTJj,BiSH,405022,49,1.0,73.83205120233913,auto
millennium parade,0GZ65zwBwkkwGNJ3zagtTZ,MILLENNIUM PARADE,228676,34,1.0,69.7680882297031,auto
中村佳穂,0illCOhPkFBykngmCWos6u,中村佳穂,117114,37,1.0,79.12260920479292,auto
BUMP OF CHICKEN,0hSFeqPehe7FtCNWuQ6Bsy,BUMP OF CHICKEN,1510594,64,1.0,79.28206180872733,auto
なにわ男子,5V0oa9WaeYkBszHV6ItVD6,なにわ男子,228853,58,1.0,84.56952832815365,auto
LE SSERAFIM,4SpbR6yFEvexJuaBpgAU5p,LE SSERAFIM,8220387,82,1.0,86.03525255901323,auto
Saucy Dog,4WqXqPmUuenMIr4QaFrZXN,Saucy Dog,1354587,66,1.0,79.47917244295876,auto
JO1,2koP6FEfIEVk4l2Fe6jFhu,JO1,273007,60,1.0,75.29788763994544,auto
BE:FIRST,4wCW8kZ8LL7QIdcE8EOKPP,BE:FIRST,514615,70,1.0,78.47778188946879,auto
SEKAI NO OWARI,7HwzlRPa9Ad0I8rK0FPzzK,SEKAI NO OWARI,3068217,66,1.0,81.0009403081014,auto
IVE,6RHTUrRF63xao58xh9FXYJ,IVE,6352625,72,1.0,83.55551379733359,auto
Aimer,0bAsR2unSRpn6BQPEnNlZm,Aimer,2757292,66,1.0,80.80206897470423,auto
King Gnu,6wxfx1yhyqjCPYwwxJktR2,King Gnu,4114021,70,1.0,82.34685644665035,auto
TWICE,7n2Ycct7Beij7Dj7meI4X0,TWICE,23611408,84,1.0,86.8,auto
Vaundy,2IUl3m1H1EQ7QfNbNWvgru,Vaundy,3600031,73,1.0,82.6984553164681,auto
KinKi Kids,5ki9pRkPNIXLjuiqG1Jh84,KinKi Kids,167228,56,1.0,73.58560998180688,auto
Stray Kids,2dIgFjalVxs4ThymZ67YCE,Stray Kids,21376171,87,1.0,87.4,auto
すとぷり,2i0kSiF991uhqOBfdKfB24,すとぷり,333964,46,1.0,82.87299851759286,auto
ano,7Il739Q5W4yJUYC3hfnX6z,ano,227751,52,1.0,73.36054411085185,auto
MAN WITH A MISSION,3NTbOmzlj2cL86XFuDVFvZ,MAN WITH A MISSION,1209612,60,1.0,78.06848322834041,auto
SEVENTEEN,7nqOGRxlXj7N2JYbgNEjYH,SEVENTEEN,13753366,78,1.0,85.6,auto
大泉洋,4ZEqaiBgNsLXZTGTBuoIxe,大泉 洋,8696,22,1.0,71.2827979903353,auto
Mrs. GREEN APPLE,4QvgGvpgzgyUOo8Yp8LDm9,Mrs. GREEN APPLE,6399354,80,1.0,85.16915486502324,auto
MISAMO,0IwZVmMMGE7nNXS7vN9SIo,MISAMO,1068085,56,1.0,77.03688206836948,auto
10-FEET,0QZqdhoRQkn1VphAa5eX8h,10-FEET,421553,55,1.0,75.1065093613878,auto
伊藤蘭,4KRqPsYKtYo44aNpJf0Db2,伊藤 蘭,1762,9,1.0,65.71145387461155,auto
Ado,6mEQK9m2krja6X1cfsAjfl,Ado,6832592,76,1.0,84.49108066339353,auto
ME:I,0wsE3L0l083t6bxC8jJefC,ME:I,157309,54,1.0,73.07180101554354,auto
Omoinotake,63ylN6WBUUxxMsySiDmr0B,Omoinotake,298727,58,1.0,75.06546204619444,auto
Da-iCE,71UIOLnsacxQHlU55TvfiH,Da-iCE,829872,62,1.0,77.76719047861403,auto
ILLIT,36cgvBn0aadzOijnjjwqMN,ILLIT,3998908,77,1.0,83.69403462606154,auto
新浜レオン,6WHw9pdyHYT9c952yPaGM2,新浜レオン,3920,26,1.0,70.59979743008768,auto
HY,3x621ItlHMtX7mrJ8QnEjM,HY,1364104,57,1.0,77.69220349608742,auto
tuki.,1Y5vJqABeI6QI6R95EDV6o,tuki.,538274,62,1.0,76.9614431548437,auto
TOMORROW X TOGETHER,0ghlgldX5Dd6720Q3qFyQB,TOMORROW X TOGETHER,12125843,77,1.0,85.4,auto
aiko,6TDMbiQCWeMClsMr9ORLRK,aiko,1119233,62,1.0,78.32394502836436,auto
Creepy Nuts,0pWR7TsFhvSCnbmHDjWgrE,Creepy Nuts,2174601,71,1.0,81.36019821460626,auto
GLAY,00AFbqxvdDK6T1D6MQZ9c1,GLAY,693889,57,1.0,76.43410001205817,auto
Number_i,4XFkDALFTsSHVnRtJSsaMN,Number_i,339455,67,1.0,77.10335232854997,auto
THE ALFEE,04bitarCLkcC3GVESLDZgY,THE ALFEE,138662,48,1.0,71.63696054277767,auto
