artist,year,weeks_on_chart,total_streams,best_rank,avg_rank,top10_weeks,top1_weeks
10-FEET,2022,4,4503353,8,18.75,3,0
10-FEET,2023,52,53015984,5,29.73076923076923,14,0
10-FEET,2024,50,26339740,25,100.64,0,0
10-FEET,2025,28,9952471,151,182.96428571428572,0,0
8LOOM,2022,7,4061716,31,58.857142857142854,0,0
8LOOM,2023,16,11300666,14,65.9375,0,0
=LOVE,2025,31,15151908,60,107.29032258064517,0,0
AAA,2020,32,4996277,61,115.90625,0,0
AI,2020,24,3359729,71,130.66666666666666,0,0
AI,2024,3,1103180,138,170.66666666666666,0,0
AI,2025,48,20365123,71,137.97916666666666,0,0
AKASAKI,2024,12,23675469,1,6.083333333333333,10,1
AKASAKI,2025,48,37462493,18,69.91666666666667,0,0
ARASHI,2020,106,26191694,23,93.4245283018868,0,0
ARASHI,2021,28,5392099,69,153.96428571428572,0,0
ARASHI,2025,2,814772,136,152.0,0,0
Ado,2020,5,1463601,59,96.0,0,0
Ado,2021,143,126196754,4,31.762237762237763,22,0
Ado,2022,305,224827465,1,72.27540983606558,65,10
Ado,2023,230,161551252,1,89.15652173913044,19,12
Ado,2024,127,89691077,2,90.66141732283465,8,0
Ado,2025,23,8989419,78,152.95652173913044,0,0
Ai Otsuka,2025,29,12112375,69,145.13793103448276,0,0
AiNA THE END,2025,21,29858632,4,20.333333333333332,14,0
Aimer,2020,31,4604444,77,120.25806451612904,0,0
Aimer,2021,6,5495432,3,71.83333333333333,3,0
Aimer,2022,98,62188366,1,85.5,17,4
Aimer,2023,66,33107934,39,111.07575757575758,0,0
Aimer,2024,7,2195390,152,179.57142857142858,0,0
Aimer,2025,7,2671585,134,161.42857142857142,0,0
Aimyon,2020,370,171462109,3,55.08918918918919,37,0
Aimyon,2021,315,145433464,7,86.95873015873016,4,0
Aimyon,2022,328,108210366,11,120.26829268292683,0,0
Aimyon,2023,315,131516165,11,118.65714285714286,0,0
Aimyon,2024,312,139248458,20,126.97435897435898,0,0
Aimyon,2025,297,149793337,27,113.52861952861953,0,0
Anne-Marie,2020,42,5965183,104,149.33333333333334,0,0
Anne-Marie,2021,14,2381719,179,188.92857142857142,0,0
Anne-Marie,2022,14,3012760,152,175.78571428571428,0,0
Ariana Grande,2020,5,1676720,54,78.8,0,0
Ariana Grande,2021,4,1307844,68,94.5,0,0
Ariana Grande,2022,4,1829279,52,77.75,0,0
Ariana Grande,2023,5,3372176,22,72.6,0,0
Ariana Grande,2024,5,3894473,17,58.4,0,0
Ariana Grande,2025,1,410132,172,172.0,0,0
Awesome City Club,2021,48,62169991,4,11.625,21,0
Awesome City Club,2022,52,38662461,8,51.94230769230769,4,0
Awesome City Club,2023,7,1929970,143,169.42857142857142,0,0
Awesome City Club,2024,1,311886,185,185.0,0,0
Ayase,2021,16,8006303,51,55.125,0,0
Ayase,2022,42,12504859,66,105.38095238095238,0,0
BABYMONSTER,2024,30,19589275,35,83.5,0,0
BABYMONSTER,2025,24,14837653,34,89.58333333333333,0,0
BE:FIRST,2022,43,24315718,8,67.88372093023256,2,0
BE:FIRST,2023,85,42068960,11,100.04705882352941,0,0
BE:FIRST,2024,39,15250680,66,136.94871794871796,0,0
BE:FIRST,2025,56,48532462,6,77.07142857142857,5,0
BLACKPINK,2020,27,12801050,10,54.592592592592595,1,0
BLACKPINK,2021,31,6115094,95,150.48387096774192,0,0
BLACKPINK,2025,20,16875985,10,65.8,1,0
BLOOM VASE,2020,15,4879273,56,72.6,0,0
BLOOM VASE,2021,99,53055898,13,67.15151515151516,0,0
BLOOM VASE,2022,34,13035849,48,106.08823529411765,0,0
BTS,2020,240,102642106,1,91.84583333333333,19,9
BTS,2021,536,334837140,1,84.2294776119403,110,23
BTS,2022,321,180109384,2,85.1619937694704,4,0
BTS,2023,110,39416143,47,128.46363636363637,0,0
BTS,2024,41,14519210,130,164.46341463414635,0,0
BTS,2025,5,1770970,177,189.2,0,0
BUMP OF CHICKEN,2020,50,8411703,83,120.26,0,0
BUMP OF CHICKEN,2021,1,164441,197,197.0,0,0
BUMP OF CHICKEN,2022,43,20606324,10,122.79069767441861,1,0
BUMP OF CHICKEN,2023,25,9639112,35,134.52,0,0
BUMP OF CHICKEN,2024,5,1730221,158,176.4,0,0
BUMP OF CHICKEN,2025,2,744653,164,181.0,0,0
Billie Eilish,2020,53,18652752,9,77.05660377358491,2,0
Billie Eilish,2021,16,2982545,98,156.4375,0,0
CANDY TUNE,2025,35,16142535,64,122.48571428571428,0,0
CHANMINA,2020,53,12071272,55,80.20754716981132,0,0
CHANMINA,2021,26,5152717,113,153.76923076923077,0,0
CHANMINA,2022,15,3453727,119,155.06666666666666,0,0
CHANMINA,2023,7,2243534,154,168.85714285714286,0,0
CHANMINA,2024,46,16353926,100,165.3913043478261,0,0
CHANMINA,2025,139,83984703,14,92.45323741007195,0,0
CUTIE STREET,2024,13,9841815,32,73.84615384615384,0,0
CUTIE STREET,2025,48,40857814,17,58.791666666666664,0,0
Charlie Puth,2022,27,19540659,14,40.77777777777778,0,0
Charlie Puth,2023,45,15638383,82,128.93333333333334,0,0
Chinozo,2021,47,14608714,59,100.72340425531915,0,0
Chinozo,2022,1,189201,171,171.0,0,0
Chippoke Ohashi,2021,8,6121984,20,42.875,0,0
Chippoke Ohashi,2022,52,36844520,23,45.40384615384615,0,0
Chippoke Ohashi,2023,10,3068643,97,151.5,0,0
Coldplay,2021,14,12666302,9,25.214285714285715,1,0
Coldplay,2022,32,10230390,61,96.28125,0,0
Conton Candy,2023,28,22538884,14,67.07142857142857,0,0
Conton Candy,2024,1,315245,154,154.0,0,0
Creep Hyp,2020,24,2802496,146,174.04166666666666,0,0
Creep Hyp,2022,27,6363918,106,149.8148148148148,0,0
Creep Hyp,2023,25,7352277,110,173.32,0,0
Creep Hyp,2025,32,12415645,127,164.90625,0,0
Creepy Nuts,2021,18,4214046,103,131.72222222222223,0,0
Creepy Nuts,2022,93,35571664,53,79.48387096774194,0,0
Creepy Nuts,2023,73,22758529,103,153.05479452054794,0,0
Creepy Nuts,2024,158,202411323,1,66.5126582278481,49,19
Creepy Nuts,2025,98,70216035,6,84.72448979591837,1,0
DISH//,2020,69,51123529,6,36.91304347826087,13,0
DISH//,2021,113,82878651,11,43.283185840707965,0,0
DISH//,2022,127,50256921,35,96.56692913385827,0,0
DISH//,2023,58,18887746,108,145.6206896551724,0,0
DISH//,2024,8,2551946,155,174.625,0,0
DISH//,2025,5,1869620,167,182.8,0,0
DREAMS COME TRUE,2020,37,4941021,97,161.43243243243242,0,0
DREAMS COME TRUE,2021,13,2487964,162,184.6153846153846,0,0
DREAMS COME TRUE,2022,41,9386945,92,153.6341463414634,0,0
DREAMS COME TRUE,2023,25,7211161,161,183.72,0,0
DREAMS COME TRUE,2024,21,7207825,129,166.8095238095238,0,0
DREAMS COME TRUE,2025,11,4110820,116,172.27272727272728,0,0
Da-iCE,2020,3,485008,185,191.0,0,0
Da-iCE,2021,50,30636341,15,66.36,0,0
Da-iCE,2022,60,49017098,9,37.983333333333334,11,0
Da-iCE,2023,84,29556367,55,130.5,0,0
Da-iCE,2024,117,86028227,3,108.6068376068376,16,0
Da-iCE,2025,116,80499005,4,90.05172413793103,4,0
Ed Sheeran,2020,53,11785625,41,84.32075471698113,0,0
Ed Sheeran,2021,52,12598450,86,116.53846153846153,0,0
Ed Sheeran,2022,51,12651527,89,142.4313725490196,0,0
Ed Sheeran,2023,52,16406396,124,156.07692307692307,0,0
Ed Sheeran,2024,52,20935204,67,132.55769230769232,0,0
Ed Sheeran,2025,48,20609909,94,131.39583333333334,0,0
Eito,2020,36,48051349,2,6.277777777777778,29,0
Eito,2021,41,20450616,17,84.34146341463415,0,0
Eve,2020,1,1084722,13,13.0,0,0
Eve,2021,51,43407347,8,32.6078431372549,11,0
Eve,2022,39,17952974,36,97.2051282051282,0,0
Eve,2023,10,2832061,176,188.4,0,0
Eve,2024,1,278185,194,194.0,0,0
FRUITS ZIPPER,2024,20,10528483,54,96.9,0,0
FRUITS ZIPPER,2025,39,20577580,52,93.3076923076923,0,0
Fujii Kaze,2020,37,7980016,62,104.43243243243244,0,0
Fujii Kaze,2021,103,62441809,4,93.13592233009709,29,0
Fujii Kaze,2022,104,84280952,6,51.03846153846154,14,0
Fujii Kaze,2023,159,111607475,7,72.0754716981132,6,0
Fujii Kaze,2024,201,126168284,3,86.46268656716418,7,0
Fujii Kaze,2025,241,132196517,15,101.36929460580913,0,0
GEMN,2024,25,28069895,11,32.76,0,0
GEMN,2025,8,3283205,86,137.125,0,0
GReeeeN,2020,106,18825675,39,120.23584905660377,0,0
GReeeeN,2021,100,19690188,126,158.86,0,0
GReeeeN,2022,53,11332350,122,167.9245283018868,0,0
GReeeeN,2023,24,7817363,114,167.20833333333334,0,0
GReeeeN,2024,77,29768232,79,143.41558441558442,0,0
GReeeeN,2025,96,41875945,68,130.35416666666666,0,0
Gen Hoshino,2021,36,21817364,13,61.111111111111114,0,0
Gen Hoshino,2022,68,30867999,6,97.91176470588235,7,0
Gen Hoshino,2023,5,1500752,100,150.4,0,0
HANA,2025,166,205035915,1,31.698795180722893,54,4
HENTAI SHINSHI CLUB,2020,5,763223,187,193.4,0,0
HENTAI SHINSHI CLUB,2021,52,27811029,15,83.90384615384616,0,0
HENTAI SHINSHI CLUB,2022,52,36028714,26,49.92307692307692,0,0
HENTAI SHINSHI CLUB,2023,15,4407439,93,159.26666666666668,0,0
HIRAIDAI,2020,147,39941241,4,118.7687074829932,9,0
HIRAIDAI,2021,193,93710925,6,87.5440414507772,7,0
HIRAIDAI,2022,132,49735075,27,102.49242424242425,0,0
HIRAIDAI,2023,51,17513134,97,138.90196078431373,0,0
HIRAIDAI,2024,52,19506313,98,151.46153846153845,0,0
HIRAIDAI,2025,100,49616241,52,109.2,0,0
HUNTR/X,2025,20,20238873,15,38.8,0,0
HY,2020,53,16337699,26,69.20754716981132,0,0
HY,2021,17,3042166,144,163.35294117647058,0,0
HY,2025,46,20502526,61,128.45652173913044,0,0
Haruma Miura,2020,23,12925660,16,49.65217391304348,0,0
Haruma Miura,2021,10,1959637,102,140.2,0,0
Hikaru Utada,2021,49,29225461,5,78.3061224489796,8,0
Hikaru Utada,2022,43,20244716,16,92.25581395348837,0,0
Hikaru Utada,2023,40,17986268,41,122.375,0,0
Hikaru Utada,2024,53,21194916,88,133.28301886792454,0,0
Hikaru Utada,2025,24,10298934,83,137.125,0,0
Hitsujibungaku,2023,17,16224921,11,31.176470588235293,0,0
Hitsujibungaku,2024,24,19376569,11,76.16666666666667,0,0
Hitsujibungaku,2025,1,367735,193,193.0,0,0
Hoshimachi Suisei,2024,37,30625986,16,72.97297297297297,0,0
Hoshimachi Suisei,2025,2,673055,179,180.5,0,0
ILLIT,2024,40,63870543,2,19.1,17,0
ILLIT,2025,73,42121368,17,99.58904109589041,0,0
IVE,2021,4,3325727,27,34.75,0,0
IVE,2022,110,69992718,9,61.236363636363635,2,0
IVE,2023,124,53243127,20,114.05645161290323,0,0
IVE,2024,17,5930520,129,156.2941176470588,0,0
JENNIE,2025,30,19287382,26,94.53333333333333,0,0
JO1,2024,20,13399971,31,89.85,0,0
JO1,2025,4,1425225,152,170.0,0,0
Jimin,2023,39,15848199,63,106.38461538461539,0,0
Jimin,2024,64,72561362,1,62.53125,23,2
Jimin,2025,72,89239885,3,40.486111111111114,37,0
Jin,2024,6,12366582,2,4.833333333333333,5,0
Jin,2025,49,95426979,1,13.16326530612245,28,12
Jung Kook,2023,45,74768710,1,13.488888888888889,25,1
Jung Kook,2024,104,84988851,7,70.35576923076923,3,0
Jung Kook,2025,50,27442830,46,89.94,0,0
KAMI WA SAIKORO WO FURANAI,2020,36,9581166,56,74.83333333333333,0,0
KAMI WA SAIKORO WO FURANAI,2021,20,4036688,97,140.35,0,0
Kanaria,2022,2,571213,150,166.0,0,0
Kanaria,2023,48,24214115,51,78.1875,0,0
Kanaria,2024,33,12678597,107,143.0909090909091,0,0
Kenshi Yonezu,2020,92,62157868,2,66.71739130434783,18,0
Kenshi Yonezu,2021,216,95696026,7,99.875,4,0
Kenshi Yonezu,2022,192,86817781,1,118.40625,15,2
Kenshi Yonezu,2023,230,143940463,2,101.01304347826087,20,0
Kenshi Yonezu,2024,221,127378539,5,114.43438914027149,10,0
Kenshi Yonezu,2025,314,262495516,1,99.14649681528662,27,10
Kep1er,2022,46,28006661,13,69.3695652173913,0,0
Kep1er,2023,1,253372,169,169.0,0,0
King Gnu,2020,271,145200549,2,51.306273062730625,44,0
King Gnu,2021,133,70944458,1,82.27067669172932,4,1
King Gnu,2022,271,193457620,1,55.69741697416974,36,5
King Gnu,2023,260,144482142,1,102.88076923076923,17,3
King Gnu,2024,186,110255573,4,108.17204301075269,7,0
King Gnu,2025,163,86723839,2,128.93865030674846,5,0
Kocchi no Kento,2024,27,32464382,14,26.48148148148148,0,0
Kocchi no Kento,2025,19,13607771,19,84.94736842105263,0,0
Koresawa,2024,15,14457137,17,43.8,0,0
Koresawa,2025,5,1941197,96,142.6,0,0
Kyanai,2022,37,23931974,17,47.648648648648646,0,0
Kyanai,2023,20,6854714,53,129.95,0,0
LANA,2023,27,13349710,22,96.29629629629629,0,0
LANA,2024,15,7148799,63,98.8,0,0
LANA,2025,18,6580897,151,179.11111111111111,0,0
LE SSERAFIM,2022,46,29140875,17,58.45652173913044,0,0
LE SSERAFIM,2023,144,86028530,7,80.52083333333333,5,0
LE SSERAFIM,2024,157,102010274,10,91.92993630573248,1,0
LE SSERAFIM,2025,34,14284535,60,141.23529411764707,0,0
Lady Gaga,2024,19,8686694,68,103.73684210526316,0,0
Lady Gaga,2025,16,6617151,100,136.3125,0,0
Leo Ieiri,2020,43,20087354,20,46.76744186046512,0,0
Leo Ieiri,2021,20,4398024,74,128.9,0,0
LiSA,2020,71,69606833,1,16.676056338028168,39,4
LiSA,2021,135,93623140,3,56.20740740740741,14,0
LiSA,2022,48,12340409,60,129.10416666666666,0,0
LiSA,2025,5,1807556,180,185.6,0,0
Lilas,2021,37,10549439,74,99.0,0,0
Lilas,2022,95,34294565,51,88.7578947368421,0,0
Lilas,2023,54,24300371,37,102.92592592592592,0,0
Lilas,2024,6,1934082,151,171.83333333333334,0,0
Lilas,2025,73,60184286,11,69.58904109589041,0,0
MAISONdes,2021,22,20313007,10,26.318181818181817,3,0
MAISONdes,2022,59,31038514,25,87.61016949152543,0,0
MAISONdes,2023,41,25273340,25,84.3170731707317,0,0
MAN WITH A MISSION,2023,38,32083292,6,62.473684210526315,11,0
MAN WITH A MISSION,2024,15,5598500,82,142.0,0,0
MAN WITH A MISSION,2025,7,2671270,137,159.71428571428572,0,0
MILLENNIUM PARADE,2021,25,15075267,10,68.0,2,0
MILLENNIUM PARADE,2022,6,1490888,83,128.5,0,0
MISAMO,2024,11,13339157,8,26.727272727272727,2,0
MISAMO,2025,12,8381591,33,84.25,0,0
MISIA,2020,45,7999702,54,108.13333333333334,0,0
MISIA,2021,21,4038208,141,163.33333333333334,0,0
MISIA,2022,52,12799662,108,145.32692307692307,0,0
MISIA,2023,17,4994171,104,159.2941176470588,0,0
MISIA,2025,4,1552746,172,182.0,0,0
MONGOL800,2020,53,15537955,25,71.67924528301887,0,0
MONGOL800,2021,50,9462856,138,166.18,0,0
MONGOL800,2022,37,8335448,122,166.24324324324326,0,0
MONGOL800,2023,45,14413838,114,152.2,0,0
MONGOL800,2024,48,18170430,83,150.1875,0,0
MONGOL800,2025,46,19843784,71,133.08695652173913,0,0
MUKADE,2023,45,40433775,4,51.44444444444444,11,0
MUKADE,2024,39,13197713,126,179.30769230769232,0,0
MY FIRST STORY,2023,40,40501252,6,36.2,10,0
MY FIRST STORY,2024,77,55388824,12,67.8051948051948,0,0
MY FIRST STORY,2025,38,14096331,120,169.92105263157896,0,0
Macaroni Empitsu,2020,65,14689078,48,114.33846153846154,0,0
Macaroni Empitsu,2021,112,53565969,3,72.52678571428571,6,0
Macaroni Empitsu,2022,156,103673055,1,56.6474358974359,30,3
Macaroni Empitsu,2023,206,127262727,11,79.2621359223301,0,0
Macaroni Empitsu,2024,186,88188879,32,116.59677419354838,0,0
Macaroni Empitsu,2025,143,82824671,35,94.34265734265735,0,0
Marcy,2023,13,13011739,12,37.61538461538461,0,0
Marcy,2024,52,26600466,33,105.23076923076923,0,0
Marcy,2025,26,10119918,101,154.65384615384616,0,0
Mariah Carey,2020,7,2606963,39,86.57142857142857,0,0
Mariah Carey,2021,6,3133440,29,75.5,0,0
Mariah Carey,2022,6,4602804,10,53.833333333333336,1,0
Mariah Carey,2023,7,5067115,7,78.14285714285714,1,0
Mariah Carey,2024,6,5178191,7,61.666666666666664,1,0
Mariah Carey,2025,2,803323,145,146.0,0,0
Masanori Otoda,2023,24,21434297,13,36.625,0,0
Masanori Otoda,2024,36,17315420,54,102.05555555555556,0,0
Mega Shinnosuke,2024,18,11767940,38,77.11111111111111,0,0
Mega Shinnosuke,2025,9,3553929,106,142.66666666666666,0,0
Motohiro Hata,2020,83,16919610,41,110.43373493975903,0,0
Motohiro Hata,2021,28,5072541,152,180.64285714285714,0,0
Motohiro Hata,2022,4,778908,178,186.75,0,0
Mr.Children,2020,53,19245860,18,53.471698113207545,0,0
Mr.Children,2021,52,11689532,96,132.76923076923077,0,0
Mr.Children,2022,47,10618980,97,163.14893617021278,0,0
Mr.Children,2023,9,2437999,169,183.77777777777777,0,0
Mr.Children,2024,7,2405810,166,184.42857142857142,0,0
Mr.Children,2025,30,12537263,96,142.86666666666667,0,0
Mrs. GREEN APPLE,2020,420,168773859,16,66.53571428571429,0,0
Mrs. GREEN APPLE,2021,261,103543818,25,91.87739463601532,0,0
Mrs. GREEN APPLE,2022,360,166132522,2,102.50555555555556,25,0
Mrs. GREEN APPLE,2023,714,497056769,4,71.55042016806723,82,0
Mrs. GREEN APPLE,2024,980,1001278119,1,52.611224489795916,167,19
Mrs. GREEN APPLE,2025,1194,1215347014,1,59.01005025125628,242,20
NAYEON,2022,27,21462347,8,39.407407407407405,5,0
NAYEON,2023,28,8934013,101,147.07142857142858,0,0
NewJeans,2022,43,15826083,12,101.44186046511628,0,0
NewJeans,2023,242,185052149,4,59.413223140495866,26,0
NewJeans,2024,277,148012605,15,101.03971119133574,0,0
NewJeans,2025,22,8171340,109,161.72727272727272,0,0
Nissy,2020,51,10470842,37,93.43137254901961,0,0
Nissy,2021,1,134344,200,200.0,0,0
NiziU,2020,33,41503439,3,8.666666666666666,31,0
NiziU,2021,183,111756651,7,68.31693989071039,10,0
NiziU,2022,42,12152729,47,132.11904761904762,0,0
Novelbright,2020,56,35777613,14,27.839285714285715,0,0
Novelbright,2021,104,59608819,25,51.41346153846154,0,0
Novelbright,2022,136,68929777,7,79.11764705882354,6,0
Novelbright,2023,105,60124881,18,97.04761904761905,0,0
Novelbright,2024,147,68639542,52,107.31292517006803,0,0
Novelbright,2025,144,71792441,59,100.48611111111111,0,0
Number_i,2024,102,118792953,4,28.176470588235293,7,0
Number_i,2025,178,177961179,11,36.98876404494382,0,0
OFFICIAL HIGE DANDISM,2020,454,375030403,1,22.10352422907489,205,20
OFFICIAL HIGE DANDISM,2021,527,274545278,4,80.36053130929791,23,0
OFFICIAL HIGE DANDISM,2022,408,251626999,1,88.52696078431373,30,12
OFFICIAL HIGE DANDISM,2023,482,328972547,1,83.90871369294605,48,14
OFFICIAL HIGE DANDISM,2024,339,179662013,6,111.06784660766962,5,0
OFFICIAL HIGE DANDISM,2025,233,115585760,22,121.18884120171674,0,0
ONE OK ROCK,2020,223,45641821,33,115.97757847533633,0,0
ONE OK ROCK,2021,142,42047439,9,127.72535211267606,4,0
ONE OK ROCK,2022,38,8105701,121,173.23684210526315,0,0
ONE OK ROCK,2023,12,3686604,171,185.16666666666666,0,0
ONE OK ROCK,2024,27,9472107,128,173.07407407407408,0,0
ONE OK ROCK,2025,65,26131420,102,149.87692307692308,0,0
ORANGE RANGE,2022,1,197654,196,196.0,0,0
ORANGE RANGE,2023,5,1457062,148,174.6,0,0
ORANGE RANGE,2024,4,1377731,149,180.25,0,0
ORANGE RANGE,2025,25,15321919,34,94.48,0,0
Omoinotake,2024,48,86556396,2,11.3125,32,0
Omoinotake,2025,48,53050678,12,29.479166666666668,0,0
Orangestar,2021,3,597225,187,190.33333333333334,0,0
Orangestar,2022,51,11974605,109,154.84313725490196,0,0
Orangestar,2023,23,7287118,100,144.95652173913044,0,0
Orangestar,2024,10,3244515,157,182.8,0,0
QUEEN BEE,2023,27,19872021,18,61.7037037037037,0,0
RADWIMPS,2020,22,5340058,74,98.9090909090909,0,0
RADWIMPS,2021,26,5434034,92,141.23076923076923,0,0
RADWIMPS,2022,26,20909108,8,54.42307692307692,5,0
RADWIMPS,2023,57,23707675,20,132.57894736842104,0,0
RADWIMPS,2024,42,16566233,66,141.95238095238096,0,0
RADWIMPS,2025,109,46932506,61,138.8256880733945,0,0
ROSÉ,2024,10,25124688,1,1.8,10,8
ROSÉ,2025,48,51825943,2,53.041666666666664,14,0
Reol,2020,21,6474987,55,78.23809523809524,0,0
Reol,2021,43,10892403,56,121.93023255813954,0,0
Rin音,2020,30,25902137,12,17.7,0,0
Rin音,2021,52,29262393,26,68.25,0,0
Rin音,2022,1,184085,180,180.0,0,0
Rokudenashi,2023,1,275728,200,200.0,0,0
Rokudenashi,2024,44,16414711,98,156.0681818181818,0,0
Rokudenashi,2025,1,340048,162,162.0,0,0
Ryokuoushoku Shakai,2020,36,8507248,53,102.58333333333333,0,0
Ryokuoushoku Shakai,2021,52,23088036,47,58.23076923076923,0,0
Ryokuoushoku Shakai,2022,52,41948061,22,33.23076923076923,0,0
Ryokuoushoku Shakai,2023,82,51766357,8,66.90243902439025,1,0
Ryokuoushoku Shakai,2024,119,63249355,9,111.97478991596638,1,0
Ryokuoushoku Shakai,2025,69,28750467,98,136.81159420289856,0,0
SEKAI NO OWARI,2020,10,8451766,5,39.4,3,0
SEKAI NO OWARI,2021,52,24381663,12,94.96153846153847,0,0
SEKAI NO OWARI,2022,46,42515318,2,48.71739130434783,18,0
SEKAI NO OWARI,2023,70,45242579,10,86.82857142857142,1,0
SEKAI NO OWARI,2024,109,59964473,21,113.54128440366972,0,0
SEKAI NO OWARI,2025,2,656744,168,180.5,0,0
SG,2021,6,1188826,168,183.5,0,0
SG,2022,52,15896219,69,106.90384615384616,0,0
SG,2023,16,5146656,84,135.875,0,0
SG,2025,1,350841,188,188.0,0,0
SHISHAMO,2020,34,5225961,79,118.32352941176471,0,0
SHISHAMO,2025,18,7163963,87,160.55555555555554,0,0
SORANE,2020,30,10186327,52,65.0,0,0
SORANE,2021,30,6937331,67,129.33333333333334,0,0
SOUTHERN ALL STARS,2022,6,1274375,178,185.83333333333334,0,0
SOUTHERN ALL STARS,2023,16,5539821,79,134.9375,0,0
SOUTHERN ALL STARS,2024,11,4091219,121,156.63636363636363,0,0
SOUTHERN ALL STARS,2025,10,3816942,148,165.2,0,0
SPITZ,2020,113,16775577,67,136.30088495575222,0,0
SPITZ,2021,50,9798228,115,166.04,0,0
SPITZ,2022,67,21670985,56,111.50746268656717,0,0
SPITZ,2023,179,109135421,2,105.72625698324022,22,0
SPITZ,2024,176,106294763,21,97.0340909090909,0,0
SPITZ,2025,178,83794538,56,116.6067415730337,0,0
SPYAIR,2024,41,35771624,6,78.26829268292683,7,0
SPYAIR,2025,14,4924151,138,177.5,0,0
SUDA MASAKI,2020,113,72425263,4,27.86725663716814,27,0
SUDA MASAKI,2021,156,77946315,5,86.01282051282051,12,0
SUDA MASAKI,2022,129,38301183,42,145.73643410852713,0,0
SUDA MASAKI,2023,85,26164450,61,169.2,0,0
SUDA MASAKI,2024,43,14614863,145,174.37209302325581,0,0
SUDA MASAKI,2025,48,18729070,105,160.125,0,0
Sabrina Carpenter,2024,28,12070831,69,124.07142857142857,0,0
Sabrina Carpenter,2025,4,1363923,165,177.75,0,0
Saucy Dog,2020,51,9431690,80,117.6078431372549,0,0
Saucy Dog,2021,60,17585558,19,130.46666666666667,0,0
Saucy Dog,2022,277,164961637,2,64.5740072202166,49,0
Saucy Dog,2023,168,95683110,8,96.92261904761905,8,0
Saucy Dog,2024,95,43483136,37,118.50526315789473,0,0
Saucy Dog,2025,93,43599304,58,120.16129032258064,0,0
Sheena Ringo,2020,41,6786772,58,117.3170731707317,0,0
Sheena Ringo,2021,2,364942,182,191.0,0,0
Sheena Ringo,2022,37,9052135,100,147.2972972972973,0,0
Sheena Ringo,2023,41,13075468,100,146.29268292682926,0,0
Sheena Ringo,2025,24,10069200,85,142.75,0,0
Shota Shimizu,2020,49,7396729,80,145.10204081632654,0,0
Shota Shimizu,2021,57,18554241,51,95.24561403508773,0,0
Shota Shimizu,2022,83,22317142,76,123.75903614457832,0,0
Shota Shimizu,2023,4,1001360,193,196.75,0,0
Shota Shimizu,2025,36,32844181,14,49.72222222222222,0,0
Soushi Sakiyama,2023,25,21829998,10,51.56,1,0
Soushi Sakiyama,2024,4,1361474,122,153.25,0,0
Stray Kids,2022,12,5204868,60,69.08333333333333,0,0
Stray Kids,2023,24,9090160,65,109.29166666666667,0,0
SugLawd Familiar,2023,35,16821271,51,76.0,0,0
Sukima Switch,2020,104,24095222,33,103.00961538461539,0,0
Sukima Switch,2021,52,10427219,131,157.1346153846154,0,0
Sukima Switch,2022,71,17081912,82,144.67605633802816,0,0
Sukima Switch,2023,29,9018969,117,171.6551724137931,0,0
Sukima Switch,2024,38,14298000,76,152.0,0,0
Sukima Switch,2025,83,50482114,31,98.09638554216868,0,0
Superfly,2020,53,13487551,35,90.32075471698113,0,0
Superfly,2021,19,3337010,129,172.89473684210526,0,0
Superfly,2022,2,495319,173,176.0,0,0
Superfly,2023,14,5505993,72,128.64285714285714,0,0
Superfly,2024,20,6641387,159,183.85,0,0
Superfly,2025,48,30913255,29,77.60416666666667,0,0
Suzukisuzuki,2021,18,6365293,57,72.83333333333333,0,0
Suzukisuzuki,2022,33,8192608,77,135.33333333333334,0,0
TOMONARI SORA,2024,37,30432230,7,74.51351351351352,2,0
TOMONARI SORA,2025,1,325977,174,174.0,0,0
TWICE,2020,147,41240107,12,96.21768707482993,0,0
TWICE,2021,135,42935153,10,121.34814814814816,1,0
TWICE,2022,96,56579250,10,76.14583333333333,1,0
TWICE,2023,83,35065429,13,121.91566265060241,0,0
Takaya Kawasaki,2020,15,7320861,26,55.0,0,0
Takaya Kawasaki,2021,52,47835704,13,23.53846153846154,0,0
Takaya Kawasaki,2022,52,38489605,18,41.78846153846154,0,0
Takaya Kawasaki,2023,45,13864878,76,161.48888888888888,0,0
Takaya Kawasaki,2024,22,7932001,80,166.36363636363637,0,0
Takaya Kawasaki,2025,32,12029988,97,168.84375,0,0
Tani Yuuki,2020,26,20500586,10,28.23076923076923,1,0
Tani Yuuki,2021,42,15892074,42,108.04761904761905,0,0
Tani Yuuki,2022,77,94810066,1,35.58441558441559,45,14
Tani Yuuki,2023,105,88526323,3,57.57142857142857,21,0
Tani Yuuki,2024,97,58475510,30,101.85567010309278,0,0
Tani Yuuki,2025,49,25881114,61,86.40816326530613,0,0
Tatsuya Kitani,2023,25,42125460,3,6.96,21,0
Tatsuya Kitani,2024,52,38437610,10,62.34615384615385,1,0
Tatsuya Kitani,2025,18,6519577,105,175.05555555555554,0,0
Taylor Swift,2023,25,9144594,89,129.0,0,0
Taylor Swift,2024,44,22936473,26,101.56818181818181,0,0
Taylor Swift,2025,1,308406,194,194.0,0,0
The Chainsmokers,2020,33,4939911,50,129.8181818181818,0,0
The Kid LAROI,2021,25,26233249,7,19.28,15,0
The Kid LAROI,2022,52,37589845,19,43.96153846153846,0,0
The Kid LAROI,2023,51,17667690,84,132.3921568627451,0,0
The Kid LAROI,2024,10,3239075,149,169.4,0,0
Tota,2023,22,11438648,55,71.63636363636364,0,0
Tota,2024,18,6269305,124,155.66666666666666,0,0
Unknown Artist,2020,53,15251212,31,71.98113207547169,0,0
Unknown Artist,2021,14,2381883,144,183.21428571428572,0,0
Unknown Artist,2023,1,271439,196,196.0,0,0
Unknown Artist,2024,4,1318343,186,191.5,0,0
Unknown Artist,2025,18,7059594,110,163.38888888888889,0,0
Uru,2020,42,15419044,11,62.214285714285715,0,0
Uru,2021,23,5212762,76,126.65217391304348,0,0
Uru,2022,35,12454700,51,102.97142857142858,0,0
Uru,2023,32,9650964,124,162.875,0,0
Uru,2024,4,1308145,171,187.0,0,0
V,2023,35,25429708,20,57.68571428571428,0,0
V,2024,64,31796225,55,89.296875,0,0
V,2025,45,21216863,47,127.71111111111111,0,0
Vaundy,2020,65,23427860,20,114.53846153846153,0,0
Vaundy,2021,306,155300596,10,69.81045751633987,1,0
Vaundy,2022,507,214025371,8,88.96252465483235,3,0
Vaundy,2023,483,294647644,1,88.14285714285714,58,1
Vaundy,2024,382,284273656,3,78.6282722513089,28,0
Vaundy,2025,378,235775562,8,100.02380952380952,2,0
WANIMA,2020,34,4525267,122,150.61764705882354,0,0
WANIMA,2021,11,1934292,169,186.8181818181818,0,0
WANIMA,2022,19,4067235,148,177.78947368421052,0,0
WANIMA,2023,8,2231662,168,187.375,0,0
WANIMA,2024,17,6090072,107,173.2941176470588,0,0
WANIMA,2025,24,10127569,94,142.45833333333334,0,0
WEDNESDAY CAMPANELLA,2022,29,22287381,7,43.793103448275865,5,0
WEDNESDAY CAMPANELLA,2023,12,3664579,75,150.75,0,0
WurtS,2021,32,9148365,58,110.03125,0,0
WurtS,2022,8,1585878,176,186.375,0,0
WurtS,2023,5,1438830,148,180.2,0,0
WurtS,2025,15,5616460,118,172.2,0,0
XG,2024,17,13497088,23,74.41176470588235,0,0
XG,2025,37,27544602,20,77.75675675675676,0,0
YOAKE,2022,31,12088794,58,76.6774193548387,0,0
YOAKE,2023,47,17260598,71,118.34042553191489,0,0
YOAKE,2024,27,10157308,120,148.1851851851852,0,0
YOASOBI,2020,153,129877270,1,35.51633986928105,37,20
YOASOBI,2021,545,491943652,2,35.205504587155964,126,0
YOASOBI,2022,423,226973881,8,82.41843971631205,5,0
YOASOBI,2023,413,329673402,1,81.13317191283294,49,21
YOASOBI,2024,358,233849725,1,99.42458100558659,19,3
YOASOBI,2025,174,75162924,43,139.3793103448276,0,0
YU-KA,2023,30,17624444,12,96.43333333333334,0,0
Yoru no Hitowarai,2021,18,10705447,16,51.94444444444444,0,0
Yoru no Hitowarai,2022,36,15811067,40,89.75,0,0
Yorushika,2020,142,64796013,12,51.45070422535211,0,0
Yorushika,2021,173,60355273,36,98.60115606936417,0,0
Yorushika,2022,62,13324959,111,168.1451612903226,0,0
Yorushika,2023,150,81707051,16,96.38,0,0
Yorushika,2024,206,164170219,6,70.83009708737865,15,0
Yorushika,2025,173,87987350,29,116.76300578034682,0,0
Yuuri,2020,41,27194599,3,49.170731707317074,6,0
Yuuri,2021,188,197375179,1,29.45744680851064,60,25
Yuuri,2022,290,224299717,1,52.84827586206897,64,2
Yuuri,2023,307,222238237,5,60.899022801302934,7,0
Yuuri,2024,276,174301367,5,84.0036231884058,8,0
Yuuri,2025,181,89618706,46,106.09944751381215,0,0
ZUTOMAYO,2020,55,13598963,50,75.76363636363637,0,0
ZUTOMAYO,2021,114,51554984,14,95.28947368421052,0,0
ZUTOMAYO,2022,21,4860695,95,144.38095238095238,0,0
ZUTOMAYO,2024,12,10796889,31,46.0,0,0
ZUTOMAYO,2025,8,3974032,48,116.5,0,0
[Alexandros],2020,53,16479417,24,62.77358490566038,0,0
[Alexandros],2021,52,13808129,68,104.21153846153847,0,0
[Alexandros],2022,42,11292768,75,123.66666666666667,0,0
[Alexandros],2023,37,11209891,134,169.0810810810811,0,0
[Alexandros],2024,13,4734029,130,164.3846153846154,0,0
[Alexandros],2025,48,25670462,54,88.8125,0,0
aespa,2023,7,3194886,68,103.28571428571429,0,0
aespa,2024,91,56840060,7,94.14285714285714,6,0
aespa,2025,75,41771119,28,114.28,0,0
aiko,2023,20,7976085,62,105.15,0,0
aiko,2024,32,27389850,6,93.46875,5,0
aiko,2025,23,9514371,65,143.0,0,0
back number,2020,285,81798747,11,79.40701754385965,0,0
back number,2021,343,124454697,1,112.93002915451895,19,3
back number,2022,353,167028050,6,101.74787535410765,27,0
back number,2023,540,284208335,2,95.74444444444444,3,0
back number,2024,670,457621995,3,84.71940298507462,19,0
back number,2025,677,468585291,6,88.10635155096011,8,0
flumpool,2020,37,5726592,64,132.72972972972974,0,0
imase,2022,19,6737392,58,97.73684210526316,0,0
imase,2023,76,39955751,12,94.97368421052632,0,0
imase,2024,50,19642535,87,142.02,0,0
imase,2025,3,971365,177,187.66666666666666,0,0
indigo la End,2023,35,23772411,17,70.2,0,0
indigo la End,2024,6,2301568,109,153.0,0,0
indigo la End,2025,4,1485432,165,178.0,0,0
milet,2020,53,11865092,53,88.56603773584905,0,0
milet,2021,8,2205650,48,130.75,0,0
milet,2022,52,25335343,26,94.59615384615384,0,0
milet,2023,43,24499285,8,97.18604651162791,1,0
milet,2024,3,979063,143,167.0,0,0
natori,2022,16,27612113,2,10.1875,14,0
natori,2023,89,84595804,4,46.550561797752806,14,0
natori,2024,83,44406566,22,112.34939759036145,0,0
natori,2025,25,14935912,25,99.12,0,0
neguse.,2025,18,19288114,8,34.388888888888886,4,0
noa,2024,55,52736191,3,62.36363636363637,7,0
noa,2025,17,14616619,25,54.23529411764706,0,0
sakanaction,2020,47,9962831,32,99.72340425531915,0,0
sakanaction,2021,1,134911,198,198.0,0,0
sakanaction,2025,81,82081194,1,62.82716049382716,19,2
shytaupe,2023,20,27976269,4,16.45,16,0
shytaupe,2024,51,31608180,12,96.43137254901961,0,0
shytaupe,2025,35,13399026,112,165.4,0,0
sumika,2020,53,11618408,57,81.86792452830188,0,0
sumika,2021,12,2071259,145,169.66666666666666,0,0
sumika,2022,1,234200,194,194.0,0,0
sumika,2023,1,279450,168,168.0,0,0
sumika,2025,8,3707544,83,125.5,0,0
tuki.,2023,13,14182830,11,27.23076923076923,0,0
tuki.,2024,78,108057235,2,31.564102564102566,21,0
tuki.,2025,51,45680143,13,51.23529411764706,0,0
wacci,2020,49,19452330,31,45.08163265306123,0,0
wacci,2022,27,21231628,15,41.18518518518518,0,0
wacci,2023,37,20368150,32,94.67567567567568,0,0
yama,2020,34,28761674,6,20.794117647058822,9,0
yama,2021,52,43849236,12,32.17307692307692,0,0
yama,2022,62,25267319,14,108.0,0,0
yama,2023,43,17941173,25,135.09302325581396,0,0
yangskinny,2022,11,10603841,8,40.36363636363637,3,0
yangskinny,2023,52,30063565,3,86.48076923076923,1,0
yangskinny,2024,16,5565883,125,167.9375,0,0
yangskinny,2025,1,377865,192,192.0,0,0
もさを。,2020,38,19566156,32,54.71052631578947,0,0
もさを。,2021,86,25780341,41,120.77906976744185,0,0
オレンジスパイニクラブ,2020,24,18290546,14,36.125,0,0
オレンジスパイニクラブ,2021,42,16540671,31,104.73809523809524,0,0
